algorithm,level_pct,target_qps,t_start_unix,t_end_unix
roundrobin,75,1402,1783794162,1783794227
roundrobin,83,1552,1783794232,1783794297
roundrobin,93,1739,1783794302,1783794368
roundrobin,103,1926,1783794374,1783794440
roundrobin,114,2132,1783794445,1783794513
roundrobin,127,2375,1783794518,1783794586
roundrobin,141,2637,1783794592,1783794661
roundrobin,157,2936,1783794667,1783794736
roundrobin,174,3254,1783794742,1783794814
prequal,75,1402,1783794835,1783794900
prequal,83,1552,1783794905,1783794970
prequal,93,1739,1783794975,1783795040
prequal,103,1926,1783795045,1783795110
prequal,114,2132,1783795116,1783795181
prequal,127,2375,1783795187,1783795252
prequal,141,2637,1783795258,1783795324
prequal,157,2936,1783795329,1783795396
prequal,174,3254,1783795402,1783795468
